<?xml version='1.0'?>
<home version='7200' exportFlags='17' name='cumpeo3.sh3d' camera='topCamera' selectedLevel='level-72079680-07e0-4c05-82d4-c3d5327749ea' wallHeight='250.0'>
  <environment groundColor='00A8A8A8' skyColor='00CCE4FC' lightColor='00D0D0D0' allLevelsVisible='true'/>
  <observerCamera attribute='observerCamera' lens='PINHOLE' x='-1643.9854' y='-1292.132' z='170.0' yaw='5.4151483' pitch='0.067876175' fieldOfView='1.0995575' time='1699358400000'/>
  <camera attribute='topCamera' lens='PINHOLE' x='-2605.5962' y='3745.7837' z='1140.8235' yaw='-410.73727' pitch='0.19499987' fieldOfView='1.0995575' time='1699358400000'/>
  <level id='level-72079680-07e0-4c05-82d4-c3d5327749ea' name='Nivel 1-Dim' elevation='0.0' floorThickness='162.0' height='244.0' elevationIndex='1'/>
  <doorOrWindow level='level-72079680-07e0-4c05-82d4-c3d5327749ea' catalogId='eTeks#window85x163' name='Ventana' creator='eTeks' model='1' x='484.53394' y='158.5712' angle='4.712389' width='80.0' depth='15.09675' height='244.0' modelSize='8910' movable='false' cutOutShape='M0,0 v1 h1 v-1 z' wallCutOutOnBothSides='true'/>
  <doorOrWindow level='level-72079680-07e0-4c05-82d4-c3d5327749ea' catalogId='eTeks#window85x163' name='Ventana' creator='eTeks' model='1' x='7.096315' y='442.99176' elevation='50.0' angle='4.712389' width='50.0' depth='15.09675' height='150.0' modelSize='8910' movable='false' cutOutShape='M0,0 v1 h1 v-1 z' wallCutOutOnBothSides='true'/>
  <doorOrWindow level='level-72079680-07e0-4c05-82d4-c3d5327749ea' catalogId='eTeks#window85x163' name='Ventana' creator='eTeks' model='1' x='3.1003153' y='635.8801' elevation='50.0' angle='1.5707964' width='50.0' depth='15.09675' height='150.0' modelSize='8910' movable='false' cutOutShape='M0,0 v1 h1 v-1 z' wallCutOutOnBothSides='true'/>
  <doorOrWindow level='level-72079680-07e0-4c05-82d4-c3d5327749ea' catalogId='eTeks#window85x163' name='Ventana' creator='eTeks' model='1' x='788.22754' y='721.2167' elevation='90.0' width='120.0' depth='15.09675' height='100.0' modelSize='8910' movable='false' cutOutShape='M0,0 v1 h1 v-1 z' wallCutOutOnBothSides='true'/>
  <doorOrWindow level='level-72079680-07e0-4c05-82d4-c3d5327749ea' catalogId='eTeks#door' name='Puerta' creator='eTeks' model='3' x='1025.7263' y='1061.1786' angle='3.1415927' width='80.0' depth='21.46075' height='208.5' modelSize='14086' movable='false' cutOutShape='M0,0 v1 h1 v-1 z' wallCutOutOnBothSides='true'/>
  <doorOrWindow level='level-72079680-07e0-4c05-82d4-c3d5327749ea' catalogId='eTeks#window85x163' name='Ventana' creator='eTeks' model='1' x='1295.4263' y='721.2167' elevation='90.0' width='120.0' depth='15.09675' height='100.0' modelSize='8910' movable='false' cutOutShape='M0,0 v1 h1 v-1 z' wallCutOutOnBothSides='true'/>
  <doorOrWindow level='level-72079680-07e0-4c05-82d4-c3d5327749ea' catalogId='eTeks#door' name='Puerta' creator='eTeks' model='3' x='1116.6835' y='1060.0732' angle='3.1415927' width='70.0' depth='21.46075' height='208.5' modelSize='14086' movable='false' cutOutShape='M0,0 v1 h1 v-1 z' wallCutOutOnBothSides='true'/>
  <doorOrWindow level='level-72079680-07e0-4c05-82d4-c3d5327749ea' catalogId='eTeks#door' name='Puerta' creator='eTeks' model='3' x='1529.3995' y='1068.8065' angle='3.1415927' width='80.0' depth='21.46075' height='208.5' modelMirrored='true' modelSize='14086' movable='false' cutOutShape='M0,0 v1 h1 v-1 z' wallCutOutOnBothSides='true'/>
  <doorOrWindow level='level-72079680-07e0-4c05-82d4-c3d5327749ea' catalogId='eTeks#sliderWindow126x200' name='Ventana corredera' creator='eTeks' model='5' x='1850.4233' y='717.77563' elevation='11.0' angle='3.1415927' width='195.0' depth='13.98675' height='205.0' modelSize='7950' movable='false' cutOutShape='M0,0 v1 h1 v-1 z' wallCutOutOnBothSides='true'/>
  <doorOrWindow level='level-72079680-07e0-4c05-82d4-c3d5327749ea' catalogId='eTeks#window85x163' name='Ventana' creator='eTeks' model='1' x='660.4028' y='1164.4269' angle='3.1415927' width='80.0' depth='15.09675' height='244.0' modelSize='8910' movable='false' cutOutShape='M0,0 v1 h1 v-1 z' wallCutOutOnBothSides='true'/>
  <doorOrWindow level='level-72079680-07e0-4c05-82d4-c3d5327749ea' catalogId='eTeks#window85x163' name='Ventana' creator='eTeks' model='1' x='865.68604' y='1168.4227' width='80.0' depth='15.09675' height='244.0' modelSize='8910' movable='false' cutOutShape='M0,0 v1 h1 v-1 z' wallCutOutOnBothSides='true'/>
  <doorOrWindow level='level-72079680-07e0-4c05-82d4-c3d5327749ea' catalogId='eTeks#window85x163' name='Ventana' creator='eTeks' model='1' x='1070.4121' y='1164.4269' angle='3.1415927' width='80.0' depth='15.09675' height='244.0' modelSize='8910' movable='false' cutOutShape='M0,0 v1 h1 v-1 z' wallCutOutOnBothSides='true'/>
  <doorOrWindow level='level-72079680-07e0-4c05-82d4-c3d5327749ea' catalogId='eTeks#window85x163' name='Ventana' creator='eTeks' model='1' x='7.096315' y='536.6807' elevation='50.0' angle='4.712389' width='50.0' depth='15.09675' height='150.0' modelSize='8910' movable='false' cutOutShape='M0,0 v1 h1 v-1 z' wallCutOutOnBothSides='true'/>
  <doorOrWindow level='level-72079680-07e0-4c05-82d4-c3d5327749ea' catalogId='eTeks#frenchWindow85x200' name='Ventana Francesa' creator='eTeks' model='7' x='325.7901' y='-499.60898' angle='3.1415927' width='80.0' depth='15.09675' height='244.0' modelSize='9824' movable='false' cutOutShape='M0,0 v1 h1 v-1 z' wallCutOutOnBothSides='true'/>
  <doorOrWindow level='level-72079680-07e0-4c05-82d4-c3d5327749ea' catalogId='eTeks#door' name='Puerta' creator='eTeks' model='3' x='478.71353' y='-384.23062' angle='1.5707964' width='70.0' depth='21.46075' height='208.5' modelMirrored='true' modelSize='14086' movable='false' cutOutShape='M0,0 v1 h1 v-1 z' wallCutOutOnBothSides='true'/>
  <doorOrWindow level='level-72079680-07e0-4c05-82d4-c3d5327749ea' catalogId='eTeks#window85x163' name='Ventana' creator='eTeks' model='1' x='483.49493' y='-171.50652' elevation='130.0' angle='4.712389' width='200.0' depth='13.0' height='50.0' modelSize='8910' movable='false' cutOutShape='M0,0 v1 h1 v-1 z' wallCutOutOnBothSides='true'/>
  <doorOrWindow level='level-72079680-07e0-4c05-82d4-c3d5327749ea' catalogId='eTeks#sliderWindow126x200' name='Ventana corredera' creator='eTeks' model='5' x='481.11902' y='538.75977' angle='1.5707964' width='350.0' depth='13.98675' height='244.0' modelSize='7950' movable='false' cutOutShape='M0,0 v1 h1 v-1 z' wallCutOutOnBothSides='true'/>
  <doorOrWindow level='level-72079680-07e0-4c05-82d4-c3d5327749ea' catalogId='eTeks#window85x163' name='Ventana' creator='eTeks' model='1' x='7.62476' y='1097.6141' elevation='50.0' angle='4.712389' width='50.0' depth='15.09675' height='150.0' modelSize='8910' movable='false' cutOutShape='M0,0 v1 h1 v-1 z' wallCutOutOnBothSides='true'/>
  <doorOrWindow level='level-72079680-07e0-4c05-82d4-c3d5327749ea' catalogId='eTeks#frontDoor' name='Puerta de Entrada' creator='eTeks' model='9' x='140.32228' y='880.2826' angle='4.712389' width='101.5' depth='14.184084' height='208.5' modelSize='24179' movable='false' cutOutShape='M0,0 v1 h1 v-1 z' wallCutOutOnBothSides='true'/>
  <doorOrWindow level='level-72079680-07e0-4c05-82d4-c3d5327749ea' catalogId='eTeks#window85x163' name='Ventana' creator='eTeks' model='1' x='3.3096857' y='-357.42993' elevation='50.0' angle='1.5681773' width='50.0' depth='15.09675' height='150.0' modelSize='8910' movable='false' cutOutShape='M0,0 v1 h1 v-1 z' wallCutOutOnBothSides='true'/>
  <doorOrWindow level='level-72079680-07e0-4c05-82d4-c3d5327749ea' catalogId='eTeks#window85x163' name='Ventana' creator='eTeks' model='1' x='512.9111' y='780.83704' width='50.0' depth='15.09675' height='244.0' modelSize='8910' movable='false' cutOutShape='M0,0 v1 h1 v-1 z' wallCutOutOnBothSides='true'/>
  <doorOrWindow level='level-72079680-07e0-4c05-82d4-c3d5327749ea' catalogId='eTeks#window85x163' name='Ventana' creator='eTeks' model='1' x='439.16003' y='1168.4227' width='80.0' depth='15.09675' height='244.0' modelSize='8910' movable='false' cutOutShape='M0,0 v1 h1 v-1 z' wallCutOutOnBothSides='true'/>
  <doorOrWindow level='level-72079680-07e0-4c05-82d4-c3d5327749ea' catalogId='eTeks#window85x163' name='Ventana' creator='eTeks' model='1' x='1040.5527' y='776.84094' elevation='60.0' angle='3.1415927' width='50.0' depth='15.09675' height='184.0' modelSize='8910' movable='false' cutOutShape='M0,0 v1 h1 v-1 z' wallCutOutOnBothSides='true'/>
  <doorOrWindow level='level-72079680-07e0-4c05-82d4-c3d5327749ea' catalogId='eTeks#window85x163' name='Ventana' creator='eTeks' model='1' x='2025.5426' y='1086.5476' angle='1.5707964' width='80.0' depth='15.09675' height='244.0' modelSize='8910' movable='false' cutOutShape='M0,0 v1 h1 v-1 z' wallCutOutOnBothSides='true'/>
  <doorOrWindow level='level-72079680-07e0-4c05-82d4-c3d5327749ea' catalogId='eTeks#window85x163' name='Ventana' creator='eTeks' model='1' x='1293.0815' y='1164.4269' angle='3.1415927' width='80.0' depth='15.09675' height='244.0' modelSize='8910' movable='false' cutOutShape='M0,0 v1 h1 v-1 z' wallCutOutOnBothSides='true'/>
  <doorOrWindow level='level-72079680-07e0-4c05-82d4-c3d5327749ea' catalogId='eTeks#door' name='Puerta' creator='eTeks' model='3' x='1364.4702' y='1115.6024' angle='4.712389' width='90.0' depth='21.46075' height='208.5' modelMirrored='true' modelSize='14086' movable='false' cutOutShape='M0,0 v1 h1 v-1 z' wallCutOutOnBothSides='true'/>
  <doorOrWindow level='level-72079680-07e0-4c05-82d4-c3d5327749ea' catalogId='eTeks#door' name='Puerta' creator='eTeks' model='3' x='813.7509' y='1060.873' angle='3.1415927' width='70.0' depth='21.46075' height='208.5' modelMirrored='true' modelSize='14086' movable='false' cutOutShape='M0,0 v1 h1 v-1 z' wallCutOutOnBothSides='true'/>
  <doorOrWindow level='level-72079680-07e0-4c05-82d4-c3d5327749ea' catalogId='eTeks#door' name='Puerta' creator='eTeks' model='3' x='520.7714' y='978.4772' angle='3.1415925' width='65.0' depth='21.46075' height='208.5' modelMirrored='true' modelSize='14086' movable='false' cutOutShape='M0,0 v1 h1 v-1 z' wallCutOutOnBothSides='true'/>
  <doorOrWindow level='level-72079680-07e0-4c05-82d4-c3d5327749ea' catalogId='eTeks#serviceHatch' name='Agujero en la pared' creator='eTeks' model='11' x='323.9611' y='-325.8248' angle='3.1415927' width='80.0' depth='11.10075' height='244.0' modelSize='2316' movable='false' cutOutShape='M0,0 v1 h1 v-1 z'/>
  <doorOrWindow level='level-72079680-07e0-4c05-82d4-c3d5327749ea' catalogId='eTeks#window85x163' name='Ventana' creator='eTeks' model='1' x='66.576614' y='93.391754' elevation='50.0' angle='4.712389' width='50.0' depth='15.09675' height='150.0' modelSize='8910' movable='false' cutOutShape='M0,0 v1 h1 v-1 z' wallCutOutOnBothSides='true'/>
  <doorOrWindow level='level-72079680-07e0-4c05-82d4-c3d5327749ea' catalogId='eTeks#window85x163' name='Ventana' creator='eTeks' model='1' x='66.576614' y='198.90283' elevation='50.0' angle='4.712389' width='50.0' depth='15.09675' height='150.0' modelSize='8910' movable='false' cutOutShape='M0,0 v1 h1 v-1 z' wallCutOutOnBothSides='true'/>
  <doorOrWindow level='level-72079680-07e0-4c05-82d4-c3d5327749ea' catalogId='eTeks#window85x163' name='Ventana' creator='eTeks' model='1' x='1514.5966' y='776.84094' elevation='60.0' angle='3.1415927' width='50.0' depth='15.09675' height='184.0' modelSize='8910' movable='false' cutOutShape='M0,0 v1 h1 v-1 z' wallCutOutOnBothSides='true'/>
  <doorOrWindow level='level-72079680-07e0-4c05-82d4-c3d5327749ea' catalogId='eTeks#serviceHatch' name='Agujero en la pared' creator='eTeks' model='11' x='371.5478' y='1116.1787' angle='4.712389' width='90.0' depth='11.10075' height='244.0' modelSize='2316' movable='false' cutOutShape='M0,0 v1 h1 v-1 z'/>
  <wall id='wall-ec9f4141-a86b-470e-8175-abf20ba8b020' level='level-72079680-07e0-4c05-82d4-c3d5327749ea' xStart='64.57861' yStart='-3.9173577' xEnd='64.57861' yEnd='296.08258' height='244.0' thickness='11.1' pattern='foreground' leftSideColor='FFEAEAEA' rightSideColor='FFEAEAEA'/>
  <wall id='wall-dc6307de-615d-49c6-aefa-20003c717c65' level='level-72079680-07e0-4c05-82d4-c3d5327749ea' xStart='132.56313' yStart='301.64706' xEnd='10.563195' yEnd='301.64706' height='344.0' thickness='11.1' pattern='foreground' leftSideColor='FFEAEAEA' rightSideColor='FFEAEAEA'/>
  <wall id='wall-3e2b0aa6-b14e-4d7f-bb3b-07e9bb9b4312' level='level-72079680-07e0-4c05-82d4-c3d5327749ea' xStart='9.465802' yStart='-325.8248' xEnd='476.78482' yEnd='-325.8248' height='244.0' thickness='11.1' pattern='foreground' leftSideColor='FFEAEAEA' rightSideColor='FFEAEAEA'/>
  <wall id='wall-9debd69f-a713-4bcc-bd2e-cac456c2a91f' level='level-72079680-07e0-4c05-82d4-c3d5327749ea' xStart='138.78062' yStart='783.18616' xEnd='138.78061' yEnd='976.4525' height='270.0' thickness='11.1' pattern='foreground' leftSideColor='FFEAEAEA' rightSideColor='FFEAEAEA'/>
  <wall id='wall-5bf0cd11-5709-4bb5-8f0a-565e5df35dcb' level='level-72079680-07e0-4c05-82d4-c3d5327749ea' xStart='396.78482' yStart='-9.481888' xEnd='476.78482' yEnd='-9.481888' height='244.0' thickness='11.1' pattern='foreground' leftSideColor='FFEAEAEA' rightSideColor='FFEAEAEA'/>
  <wall id='wall-343c7cc1-c094-48f0-9b0e-7d135dbb4663' level='level-72079680-07e0-4c05-82d4-c3d5327749ea' xStart='371.5478' yStart='1159.7548' xEnd='371.5478' yEnd='976.4525' height='244.0' thickness='11.1' pattern='foreground' leftSideColor='FFEAEAEA' rightSideColor='FFEAEAEA'/>
  <wall id='wall-fc3e6161-f946-4226-9537-1c8b7e4b43f0' level='level-72079680-07e0-4c05-82d4-c3d5327749ea' xStart='2027.5405' yStart='1233.9144' xEnd='2027.5405' yEnd='724.1214' height='244.0' thickness='11.1' pattern='foreground' leftSideColor='FFEAEAEA' rightSideColor='FFEAEAEA'/>
  <wall id='wall-51ef35fa-47c7-42f3-8ee2-f5739d186604' level='level-72079680-07e0-4c05-82d4-c3d5327749ea' xStart='487.97745' yStart='982.34155' xEnd='627.9774' yEnd='982.34155' height='244.0' thickness='11.1' pattern='foreground' leftSideColor='FFEAEAEA' rightSideColor='FFEAEAEA'/>
  <wall id='wall-d08d06d7-7d0e-4d6d-9bb6-c10144bc9077' level='level-72079680-07e0-4c05-82d4-c3d5327749ea' xStart='487.97745' yStart='778.8389' xEnd='616.28815' yEnd='778.8389' height='244.0' thickness='11.1' pattern='foreground' leftSideColor='FFEAEAEA' rightSideColor='FFEAEAEA'/>
  <wall id='wall-4c98911d-07fc-4f21-b4ce-0ee3d3bc1eff' level='level-72079680-07e0-4c05-82d4-c3d5327749ea' xStart='11.151028' yStart='1238.4525' xEnd='377.15094' yEnd='1238.4525' height='244.0' thickness='11.1' pattern='foreground' leftSideColor='FFEAEAEA' rightSideColor='FFEAEAEA'/>
  <wall id='wall-2968b5af-73b4-436c-b375-1d21178ca88b' level='level-72079680-07e0-4c05-82d4-c3d5327749ea' xStart='-0.28593254' yStart='-497.61096' xEnd='487.71408' yEnd='-497.61096' height='244.0' thickness='11.1' pattern='foreground' leftSideColor='FFEAEAEA' rightSideColor='FFEAEAEA'/>
  <wall id='wall-395cc69f-20db-42a5-ad69-ce70f07554d1' level='level-72079680-07e0-4c05-82d4-c3d5327749ea' xStart='11.072006' yStart='-9.610943' xEnd='133.072' yEnd='-9.610943' height='244.0' thickness='11.1' pattern='foreground' leftSideColor='FFEAEAEA' rightSideColor='FFEAEAEA'/>
  <wall id='wall-b69abd78-a719-4657-ad63-852afbb0ce8c' level='level-72079680-07e0-4c05-82d4-c3d5327749ea' xStart='616.117' yStart='719.2187' xEnd='860.117' yEnd='719.2187' height='244.0' thickness='11.1' pattern='foreground' leftSideColor='FFEAEAEA' rightSideColor='FFEAEAEA'/>
  <wall id='wall-fdc43ad1-4798-44fb-b59d-8fb428a191c6' level='level-72079680-07e0-4c05-82d4-c3d5327749ea' xStart='854.5365' yStart='724.9785' xEnd='854.5365' yEnd='1059.9785' height='244.0' thickness='11.1' pattern='foreground' leftSideColor='FFEAEAEA' rightSideColor='FFEAEAEA'/>
  <wall id='wall-1c408d06-00fd-4520-a902-7e0283b4c032' level='level-72079680-07e0-4c05-82d4-c3d5327749ea' xStart='773.32544' yStart='1057.5193' xEnd='773.32544' yEnd='997.5194' height='244.0' thickness='11.1' pattern='foreground' leftSideColor='FFEAEAEA' rightSideColor='FFEAEAEA'/>
  <wall id='wall-4a3d14a0-cc9f-4702-80b2-0d9d50a89806' level='level-72079680-07e0-4c05-82d4-c3d5327749ea' xStart='860.117' yStart='778.8389' xEnd='1066.117' yEnd='778.8389' height='244.0' thickness='11.1' pattern='foreground' leftSideColor='FFEAEAEA' rightSideColor='FFEAEAEA'/>
  <wall id='wall-98e8d215-ae8c-4f7b-af1c-da36cdccbd39' level='level-72079680-07e0-4c05-82d4-c3d5327749ea' xStart='1066.4564' yStart='719.2187' xEnd='1489.4564' yEnd='719.2187' height='244.0' thickness='11.1' pattern='foreground' leftSideColor='FFEAEAEA' rightSideColor='FFEAEAEA'/>
  <wall id='wall-3866e9e1-688d-47b1-8b1a-d77f2ff91474' level='level-72079680-07e0-4c05-82d4-c3d5327749ea' xStart='854.5365' yStart='1064.8787' xEnd='1073.439' yEnd='1064.8787' height='244.0' thickness='11.1' pattern='foreground' leftSideColor='FFEAEAEA' rightSideColor='FFEAEAEA'/>
  <wall id='wall-7e9a20dc-e7d7-4893-a2d6-9ef039a9bc4c' level='level-72079680-07e0-4c05-82d4-c3d5327749ea' xStart='1157.0576' yStart='1062.4398' xEnd='1157.0576' yEnd='997.4278' height='244.0' thickness='11.1' pattern='foreground' leftSideColor='FFEAEAEA' rightSideColor='FFEAEAEA'/>
  <wall id='wall-79847038-cf1d-47ca-a300-fd74749cd529' level='level-72079680-07e0-4c05-82d4-c3d5327749ea' xStart='1489.4564' yStart='778.8389' xEnd='1666.9242' yEnd='778.8389' height='244.0' thickness='11.1' pattern='foreground' leftSideColor='FFEAEAEA' rightSideColor='FFEAEAEA'/>
  <wall id='wall-32646bdb-5a88-4fe9-80fc-0c785e3fca92' level='level-72079680-07e0-4c05-82d4-c3d5327749ea' xStart='1673.1428' yStart='724.71173' xEnd='1673.1428' yEnd='1064.573' height='244.0' thickness='11.1' pattern='foreground' leftSideColor='FFEAEAEA' rightSideColor='FFEAEAEA'/>
  <wall id='wall-15c5c287-75a4-4af5-8ae6-1f2c16a1c757' level='level-72079680-07e0-4c05-82d4-c3d5327749ea' wallAtStart='wall-ec5a2b1b-961a-4e16-a2ff-3ddb11a8ecc2' xStart='482.53592' yStart='296.05655' xEnd='482.5359' yEnd='772.75476' height='344.0' thickness='11.1' pattern='foreground' leftSideColor='FFEAEAEA' rightSideColor='FFEAEAEA'/>
  <wall id='wall-b0d2694a-4c8d-40f7-99c6-b342c3cc41bd' level='level-72079680-07e0-4c05-82d4-c3d5327749ea' xStart='487.97745' yStart='778.8529' xEnd='416.78482' yEnd='778.8529' height='344.0' thickness='11.1' pattern='foreground' leftSideColor='FFEAEAEA' rightSideColor='FFEAEAEA'/>
  <wall id='wall-b7c1c962-250e-418b-954f-12fa77c41d75' level='level-72079680-07e0-4c05-82d4-c3d5327749ea' wallAtEnd='wall-4ce3d1ba-0424-4aa4-92d2-02fd5190bfa1' xStart='482.53595' yStart='772.75476' xEnd='482.53595' yEnd='778.8529' height='270.0' thickness='11.1' pattern='foreground' leftSideColor='FFEAEAEA' rightSideColor='FFEAEAEA'/>
  <wall id='wall-4ce3d1ba-0424-4aa4-92d2-02fd5190bfa1' level='level-72079680-07e0-4c05-82d4-c3d5327749ea' wallAtStart='wall-b7c1c962-250e-418b-954f-12fa77c41d75' xStart='482.53595' yStart='778.8529' xEnd='482.53595' yEnd='987.8529' height='270.0' thickness='11.1' pattern='foreground' leftSideColor='FFEAEAEA' rightSideColor='FFEAEAEA'/>
  <wall id='wall-ad90706a-4f68-4ac7-830b-ef28c71ac61d' level='level-72079680-07e0-4c05-82d4-c3d5327749ea' wallAtEnd='wall-fc6dac92-60c8-4a53-a44d-97b26c68c3a0' xStart='10.870236' yStart='778.44385' xEnd='192.87024' yEnd='778.44385' height='340.0' thickness='11.1' pattern='foreground' leftSideColor='FFEAEAEA' rightSideColor='FFEAEAEA'/>
  <wall id='wall-fc6dac92-60c8-4a53-a44d-97b26c68c3a0' level='level-72079680-07e0-4c05-82d4-c3d5327749ea' wallAtStart='wall-ad90706a-4f68-4ac7-830b-ef28c71ac61d' xStart='192.87024' yStart='778.44385' xEnd='192.87024' yEnd='778.44385' height='340.0' thickness='11.1' pattern='foreground' leftSideColor='FFEAEAEA' rightSideColor='FFEAEAEA'/>
  <wall id='wall-d2ea8c0f-9b2e-4a81-9fe7-b32431d125b8' level='level-72079680-07e0-4c05-82d4-c3d5327749ea' xStart='1673.2976' yStart='1172.9915' xEnd='1673.2976' yEnd='1232.9915' height='244.0' thickness='11.1' pattern='foreground' leftSideColor='FFEAEAEA' rightSideColor='FFEAEAEA'/>
  <wall id='wall-83e6ac2d-169a-4163-a7f4-c82a731862f5' level='level-72079680-07e0-4c05-82d4-c3d5327749ea' wallAtEnd='wall-06303de8-2193-4bbd-a621-f1262066a582' xStart='5.403391' yStart='-491.99704' xEnd='5.403391' yEnd='-325.8248' height='244.0' thickness='11.1' pattern='foreground' leftSideColor='FFEAEAEA' rightSideColor='FFEAEAEA'/>
  <wall id='wall-06303de8-2193-4bbd-a621-f1262066a582' level='level-72079680-07e0-4c05-82d4-c3d5327749ea' wallAtStart='wall-83e6ac2d-169a-4163-a7f4-c82a731862f5' xStart='5.403391' yStart='-325.8248' xEnd='5.403391' yEnd='-3.9970398' height='244.0' thickness='11.1' pattern='foreground' leftSideColor='FFEAEAEA' rightSideColor='FFEAEAEA'/>
  <wall id='wall-57b303ff-de67-47ef-9a81-c28f978c09ac' level='level-72079680-07e0-4c05-82d4-c3d5327749ea' wallAtEnd='wall-a7ca8281-97e7-45b8-9568-84e243b55db3' xStart='5.098315' yStart='296.05655' xEnd='5.098315' yEnd='301.64706' height='340.0' thickness='11.1' pattern='foreground' leftSideColor='FFEAEAEA' rightSideColor='FFEAEAEA'/>
  <wall id='wall-a7ca8281-97e7-45b8-9568-84e243b55db3' level='level-72079680-07e0-4c05-82d4-c3d5327749ea' wallAtStart='wall-57b303ff-de67-47ef-9a81-c28f978c09ac' xStart='5.098315' yStart='301.64706' xEnd='5.098315' yEnd='784.05743' height='344.0' thickness='11.1' pattern='foreground' leftSideColor='FFEAEAEA' rightSideColor='FFEAEAEA'/>
  <wall id='wall-6575412a-9ccb-4bad-8b11-22e0430b4a81' level='level-72079680-07e0-4c05-82d4-c3d5327749ea' wallAtStart='wall-4aade58f-151d-419d-a7cb-9d83e0cf9a12' xStart='5.6250634' yStart='1238.4525' xEnd='5.6250634' yEnd='1244.1097' height='244.0' thickness='11.1' pattern='foreground' leftSideColor='FFEAEAEA' rightSideColor='FFEAEAEA'/>
  <wall id='wall-9a5f7564-c861-473b-ac44-af6533690361' level='level-72079680-07e0-4c05-82d4-c3d5327749ea' wallAtStart='wall-6723cc30-b22a-4346-8921-39bb1fe7f870' xStart='621.6301' yStart='950.34204' xEnd='621.6301' yEnd='1059.1215' height='244.0' thickness='11.1' pattern='foreground' leftSideColor='FFEAEAEA' rightSideColor='FFEAEAEA'/>
  <wall id='wall-659eaf27-e1c3-4622-a52c-23a1b60b4e3b' level='level-72079680-07e0-4c05-82d4-c3d5327749ea' wallAtStart='wall-2ec6de0a-b6c3-491e-860b-df766bc01459' xStart='854.5365' yStart='1064.573' xEnd='860.117' yEnd='1064.573' height='244.0' thickness='11.1' pattern='foreground' leftSideColor='FFEAEAEA' rightSideColor='FFEAEAEA'/>
  <wall id='wall-5a8c39f2-b180-46da-81ae-7e3678e7b646' level='level-72079680-07e0-4c05-82d4-c3d5327749ea' wallAtEnd='wall-1a248194-259c-4d37-9abb-60c70edbccbc' xStart='1072.0563' yStart='725.18604' xEnd='1072.0563' yEnd='982.2114' height='244.0' thickness='11.1' pattern='foreground' leftSideColor='FFEAEAEA' rightSideColor='FFEAEAEA'/>
  <wall id='wall-1a248194-259c-4d37-9abb-60c70edbccbc' level='level-72079680-07e0-4c05-82d4-c3d5327749ea' wallAtStart='wall-5a8c39f2-b180-46da-81ae-7e3678e7b646' xStart='1072.0563' yStart='982.2114' xEnd='1072.0563' yEnd='1060.186' height='244.0' thickness='11.1' pattern='foreground' leftSideColor='FFEAEAEA' rightSideColor='FFEAEAEA'/>
  <wall id='wall-82aad13b-7cfb-4f2a-8841-e185d633f49d' level='level-72079680-07e0-4c05-82d4-c3d5327749ea' wallAtStart='wall-7837a9c1-1e3a-4c52-9b90-12852ce00f4c' xStart='1361.0736' yStart='1166.4248' xEnd='1361.0736' yEnd='1244.1097' height='244.0' thickness='11.1' pattern='foreground' leftSideColor='FFEAEAEA' rightSideColor='FFEAEAEA'/>
  <wall id='wall-5cf8a10e-3b3e-4df8-a37c-4834e2b392ba' level='level-72079680-07e0-4c05-82d4-c3d5327749ea' wallAtStart='wall-f17a20ff-62f0-473e-9061-2213d59d4b7f' xStart='2027.5405' yStart='719.2186' xEnd='2033.5189' yEnd='719.2186' height='244.0' thickness='11.1' pattern='foreground' leftSideColor='FFEAEAEA' rightSideColor='FFEAEAEA'/>
  <wall id='wall-ec5a2b1b-961a-4e16-a2ff-3ddb11a8ecc2' level='level-72079680-07e0-4c05-82d4-c3d5327749ea' wallAtStart='wall-15c5c287-75a4-4af5-8ae6-1f2c16a1c757' wallAtEnd='wall-c2a7a9b5-4587-4266-988b-cc183667e3f3' xStart='482.53592' yStart='296.05655' xEnd='482.53592' yEnd='-497.61096' height='244.0' thickness='11.1' pattern='foreground' leftSideColor='FFEAEAEA' rightSideColor='FFEAEAEA'/>
  <wall id='wall-c2a7a9b5-4587-4266-988b-cc183667e3f3' level='level-72079680-07e0-4c05-82d4-c3d5327749ea' wallAtStart='wall-ec5a2b1b-961a-4e16-a2ff-3ddb11a8ecc2' xStart='482.53592' yStart='-497.61096' xEnd='482.53595' yEnd='-503.99704' height='244.0' thickness='11.1' pattern='foreground' leftSideColor='FFEAEAEA' rightSideColor='FFEAEAEA'/>
  <wall id='wall-13cac0ef-ec3c-4b55-a00a-abdf976d7f21' level='level-72079680-07e0-4c05-82d4-c3d5327749ea' wallAtEnd='wall-e8e3a00f-9395-4260-9463-9cfcf291bed7' xStart='1366.1835' yStart='1238.6199' xEnd='2027.5405' yEnd='1238.6199' height='244.0' thickness='11.1' pattern='foreground' leftSideColor='FFEAEAEA' rightSideColor='FFEAEAEA'/>
  <wall id='wall-e8e3a00f-9395-4260-9463-9cfcf291bed7' level='level-72079680-07e0-4c05-82d4-c3d5327749ea' wallAtStart='wall-13cac0ef-ec3c-4b55-a00a-abdf976d7f21' xStart='2027.5405' yStart='1238.6199' xEnd='2033.5189' yEnd='1238.6199' height='244.0' thickness='11.1' pattern='foreground' leftSideColor='FFEAEAEA' rightSideColor='FFEAEAEA'/>
  <wall id='wall-16aa601d-b8ca-40ec-bc9c-1eeec208bf3e' level='level-72079680-07e0-4c05-82d4-c3d5327749ea' wallAtEnd='wall-cea53ca5-3852-4a78-a123-bb52d3e57a11' xStart='378.48428' yStart='1166.4248' xEnd='1361.0736' yEnd='1166.4248' height='244.0' thickness='11.1' pattern='foreground' leftSideColor='FFEAEAEA' rightSideColor='FFEAEAEA'/>
  <wall id='wall-cea53ca5-3852-4a78-a123-bb52d3e57a11' level='level-72079680-07e0-4c05-82d4-c3d5327749ea' wallAtStart='wall-16aa601d-b8ca-40ec-bc9c-1eeec208bf3e' xStart='1361.0736' yStart='1166.4248' xEnd='1366.9242' yEnd='1166.4248' height='244.0' thickness='11.1' pattern='foreground' leftSideColor='FFEAEAEA' rightSideColor='FFEAEAEA'/>
  <wall id='wall-4aade58f-151d-419d-a7cb-9d83e0cf9a12' level='level-72079680-07e0-4c05-82d4-c3d5327749ea' wallAtEnd='wall-6575412a-9ccb-4bad-8b11-22e0430b4a81' xStart='5.6250634' yStart='976.4525' xEnd='5.6250634' yEnd='1238.4525' height='244.0' thickness='11.1' pattern='foreground' leftSideColor='FFEAEAEA' rightSideColor='FFEAEAEA'/>
  <wall id='wall-e10a0691-3f74-4818-ad13-25220930bb2b' level='level-72079680-07e0-4c05-82d4-c3d5327749ea' wallAtEnd='wall-6723cc30-b22a-4346-8921-39bb1fe7f870' xStart='621.6301' yStart='724.1214' xEnd='621.6301' yEnd='778.8389' height='244.0' thickness='11.1' pattern='foreground' leftSideColor='FFEAEAEA' rightSideColor='FFEAEAEA'/>
  <wall id='wall-6723cc30-b22a-4346-8921-39bb1fe7f870' level='level-72079680-07e0-4c05-82d4-c3d5327749ea' wallAtStart='wall-e10a0691-3f74-4818-ad13-25220930bb2b' wallAtEnd='wall-9a5f7564-c861-473b-ac44-af6533690361' xStart='621.6301' yStart='778.8389' xEnd='621.6301' yEnd='950.34204' height='244.0' thickness='11.1' pattern='foreground' leftSideColor='FFEAEAEA' rightSideColor='FFEAEAEA'/>
  <wall id='wall-2ec6de0a-b6c3-491e-860b-df766bc01459' level='level-72079680-07e0-4c05-82d4-c3d5327749ea' wallAtStart='wall-70008a2e-1adf-4ea3-b3df-5e0b1f71e57a' wallAtEnd='wall-659eaf27-e1c3-4622-a52c-23a1b60b4e3b' xStart='773.32544' yStart='1064.573' xEnd='854.5365' yEnd='1064.573' height='244.0' thickness='11.1' pattern='foreground' leftSideColor='FFEAEAEA' rightSideColor='FFEAEAEA'/>
  <wall id='wall-dd31ffad-c8b4-45bf-a007-32e85dd3546e' level='level-72079680-07e0-4c05-82d4-c3d5327749ea' wallAtEnd='wall-14c6e7b2-831c-492b-ac42-0c664f36c09b' xStart='1066.3379' yStart='1065.1066' xEnd='1072.0563' yEnd='1065.1066' height='244.0' thickness='11.1' pattern='foreground' leftSideColor='FFEAEAEA' rightSideColor='FFEAEAEA'/>
  <wall id='wall-14c6e7b2-831c-492b-ac42-0c664f36c09b' level='level-72079680-07e0-4c05-82d4-c3d5327749ea' wallAtStart='wall-dd31ffad-c8b4-45bf-a007-32e85dd3546e' wallAtEnd='wall-92cad440-9e81-44a6-b6c6-db0b815b172b' xStart='1072.0563' yStart='1065.1066' xEnd='1157.0576' yEnd='1065.1066' height='244.0' thickness='11.1' pattern='foreground' leftSideColor='FFEAEAEA' rightSideColor='FFEAEAEA'/>
  <wall id='wall-92cad440-9e81-44a6-b6c6-db0b815b172b' level='level-72079680-07e0-4c05-82d4-c3d5327749ea' wallAtStart='wall-14c6e7b2-831c-492b-ac42-0c664f36c09b' wallAtEnd='wall-615b2d62-c9be-4eff-9a14-a9fbb77f5c6a' xStart='1157.0576' yStart='1065.1066' xEnd='1361.0736' yEnd='1065.1066' height='244.0' thickness='11.1' pattern='foreground' leftSideColor='FFEAEAEA' rightSideColor='FFEAEAEA'/>
  <wall id='wall-615b2d62-c9be-4eff-9a14-a9fbb77f5c6a' level='level-72079680-07e0-4c05-82d4-c3d5327749ea' wallAtStart='wall-92cad440-9e81-44a6-b6c6-db0b815b172b' xStart='1361.0736' yStart='1065.1066' xEnd='1678.3379' yEnd='1065.1066' height='244.0' thickness='11.1' pattern='foreground' leftSideColor='FFEAEAEA' rightSideColor='FFEAEAEA'/>
  <wall id='wall-6b6f9fb4-b639-4134-beaa-e6c6df07b4c3' level='level-72079680-07e0-4c05-82d4-c3d5327749ea' wallAtEnd='wall-7837a9c1-1e3a-4c52-9b90-12852ce00f4c' xStart='1361.0736' yStart='725.06744' xEnd='1361.0736' yEnd='1065.1066' height='244.0' thickness='11.1' pattern='foreground' leftSideColor='FFEAEAEA' rightSideColor='FFEAEAEA'/>
  <wall id='wall-7837a9c1-1e3a-4c52-9b90-12852ce00f4c' level='level-72079680-07e0-4c05-82d4-c3d5327749ea' wallAtStart='wall-6b6f9fb4-b639-4134-beaa-e6c6df07b4c3' wallAtEnd='wall-82aad13b-7cfb-4f2a-8841-e185d633f49d' xStart='1361.0736' yStart='1065.1066' xEnd='1361.0736' yEnd='1166.4248' height='244.0' thickness='11.1' pattern='foreground' leftSideColor='FFEAEAEA' rightSideColor='FFEAEAEA'/>
  <wall id='wall-ac4dc262-a57b-4f68-98fd-e14e1ec16f46' level='level-72079680-07e0-4c05-82d4-c3d5327749ea' wallAtEnd='wall-f17a20ff-62f0-473e-9061-2213d59d4b7f' xStart='1667.5168' yStart='719.2186' xEnd='1673.1428' yEnd='719.2186' height='244.0' thickness='11.1' pattern='foreground' leftSideColor='FFEAEAEA' rightSideColor='FFEAEAEA'/>
  <wall id='wall-f17a20ff-62f0-473e-9061-2213d59d4b7f' level='level-72079680-07e0-4c05-82d4-c3d5327749ea' wallAtStart='wall-ac4dc262-a57b-4f68-98fd-e14e1ec16f46' wallAtEnd='wall-5cf8a10e-3b3e-4df8-a37c-4834e2b392ba' xStart='1673.1428' yStart='719.2186' xEnd='2027.5405' yEnd='719.2186' height='244.0' thickness='11.1' pattern='foreground' leftSideColor='FFEAEAEA' rightSideColor='FFEAEAEA'/>
  <wall id='wall-0e861136-e1f4-4de3-8c0f-b95fc35670cd' level='level-72079680-07e0-4c05-82d4-c3d5327749ea' wallAtEnd='wall-70008a2e-1adf-4ea3-b3df-5e0b1f71e57a' xStart='555.6301' yStart='1064.573' xEnd='621.6301' yEnd='1064.573' height='244.0' thickness='11.1' pattern='foreground' leftSideColor='FFEAEAEA' rightSideColor='FFEAEAEA'/>
  <wall id='wall-70008a2e-1adf-4ea3-b3df-5e0b1f71e57a' level='level-72079680-07e0-4c05-82d4-c3d5327749ea' wallAtStart='wall-0e861136-e1f4-4de3-8c0f-b95fc35670cd' wallAtEnd='wall-2ec6de0a-b6c3-491e-860b-df766bc01459' xStart='621.6301' yStart='1064.573' xEnd='773.32544' yEnd='1064.573' height='244.0' thickness='11.1' pattern='foreground' leftSideColor='FFEAEAEA' rightSideColor='FFEAEAEA'/>
  <wall id='wall-88db0a1d-499d-4cb2-aa78-57e67e0b91a6' level='level-72079680-07e0-4c05-82d4-c3d5327749ea' xStart='371.81757' yStart='1159.7548' xEnd='371.81757' yEnd='1238.4525' height='244.0' thickness='11.1' pattern='foreground'/>
  <wall id='wall-0f64dcd1-b0b7-42ba-9957-bafc1a1a8fcc' level='level-72079680-07e0-4c05-82d4-c3d5327749ea' xStart='377.15094' yStart='982.34155' xEnd='11.151028' yEnd='982.34155' height='244.0' thickness='11.1' pattern='foreground'/>
  <wall id='wall-d0c1155d-5412-4c1e-b800-b8f3b5e53598' level='level-72079680-07e0-4c05-82d4-c3d5327749ea' xStart='1483.7787' yStart='717.05743' xEnd='1483.7787' yEnd='784.05743' height='244.0' thickness='11.1' pattern='foreground'/>
  <room id='room-0566dba2-9248-4b67-88ba-72ab2c11203d' level='level-72079680-07e0-4c05-82d4-c3d5327749ea' areaVisible='true' areaXOffset='3.5998535' areaYOffset='-90.0' floorColor='FF686868' ceilingVisible='false' ceilingFlat='true'>
    <point x='-0.28593445' y='-503.16095'/>
    <point x='487.7141' y='-503.16095'/>
    <point x='487.714' y='773.28894'/>
    <point x='616.08014' y='773.28894'/>
    <point x='616.117' y='713.6687'/>
    <point x='860.11707' y='713.6687'/>
    <point x='860.11707' y='773.28894'/>
    <point x='1067.8889' y='773.28894'/>
    <point x='1068.1158' y='713.6687'/>
    <point x='1366.9242' y='713.6687'/>
    <point x='1489.4564' y='713.6687'/>
    <point x='1489.4564' y='773.28894'/>
    <point x='1666.9242' y='773.28894'/>
    <point x='1667.5168' y='713.66864'/>
    <point x='2033.519' y='713.66864'/>
    <point x='2033.519' y='1244.1699'/>
    <point x='1355.5236' y='1244.1699'/>
    <point x='1355.5236' y='1171.9749'/>
    <point x='378.48428' y='1171.9747'/>
    <point x='377.15094' y='1244.0026'/>
    <point x='0.07506323' y='1244.1097'/>
    <point x='0.07505153' y='976.4525'/>
    <point x='-0.45168543' y='784.05743'/>
    <point x='-0.45169067' y='784.05743'/>
    <point x='-0.45169067' y='296.05655'/>
    <point x='59.02861' y='296.08258'/>
    <point x='59.02861' y='-3.9173584'/>
    <point x='-0.14660645' y='-3.9173584'/>
    <point x='-0.28593445' y='-503.16095'/>
  </room>
  <room id='room-bc0cb923-eea5-4ab9-a0d5-31c3f1f4099b' level='level-72079680-07e0-4c05-82d4-c3d5327749ea' areaVisible='true' floorColor='FF5B3F00' ceilingVisible='false' ceilingFlat='true'>
    <point x='2033.5189' y='713.66864'/>
    <point x='2033.5189' y='561.11304'/>
    <point x='1667.5168' y='561.113'/>
    <point x='1667.5168' y='713.66864'/>
    <point x='2033.5189' y='713.66864'/>
  </room>
  <room id='room-a1f0cd5d-aa4a-4e0a-bf0a-4313c4b12ee0' level='level-72079680-07e0-4c05-82d4-c3d5327749ea' ceilingVisible='false' ceilingFlat='true'>
    <point x='-129.95508' y='-500.16095'/>
    <point x='-29.954933' y='-500.16095'/>
    <point x='-29.954933' y='-460.16095'/>
    <point x='-129.95508' y='-460.16095'/>
    <point x='-129.95508' y='-500.16095'/>
  </room>
  <room id='room-5def81ed-29b9-4d3c-ae06-3bc26c7b9df7' level='level-72079680-07e0-4c05-82d4-c3d5327749ea' ceilingVisible='false' ceilingFlat='true'>
    <point x='-129.86621' y='-449.3462'/>
    <point x='-29.866066' y='-449.3462'/>
    <point x='-29.866066' y='-409.3462'/>
    <point x='-129.86621' y='-409.3462'/>
    <point x='-129.86621' y='-449.3462'/>
  </room>
  <room id='room-0c9b2456-90eb-45e3-add4-e9d291e6d4c0' level='level-72079680-07e0-4c05-82d4-c3d5327749ea' ceilingVisible='false' ceilingFlat='true'>
    <point x='-129.86621' y='-399.0943'/>
    <point x='-29.866066' y='-399.0943'/>
    <point x='-29.866066' y='-359.0943'/>
    <point x='-129.86621' y='-359.0943'/>
    <point x='-129.86621' y='-399.0943'/>
  </room>
  <room id='room-849ccfd6-60bc-469f-8d20-1fb5c460554a' level='level-72079680-07e0-4c05-82d4-c3d5327749ea' ceilingVisible='false' ceilingFlat='true'>
    <point x='-129.77734' y='-348.27954'/>
    <point x='-29.777199' y='-348.27954'/>
    <point x='-29.777199' y='-308.27954'/>
    <point x='-129.77734' y='-308.27954'/>
    <point x='-129.77734' y='-348.27954'/>
  </room>
  <room id='room-04dd0143-ec4d-4554-858f-aedd38ef3296' level='level-72079680-07e0-4c05-82d4-c3d5327749ea' ceilingVisible='false' ceilingFlat='true'>
    <point x='-129.39209' y='-299.06464'/>
    <point x='-29.391945' y='-299.06464'/>
    <point x='-29.391945' y='-259.06464'/>
    <point x='-129.39209' y='-259.06464'/>
    <point x='-129.39209' y='-299.06464'/>
  </room>
  <room id='room-4799c516-8a23-440e-8fc2-b6764b106e52' level='level-72079680-07e0-4c05-82d4-c3d5327749ea' ceilingVisible='false' ceilingFlat='true'>
    <point x='-129.30322' y='-248.24988'/>
    <point x='-29.303078' y='-248.24988'/>
    <point x='-29.303078' y='-208.24988'/>
    <point x='-129.30322' y='-208.24988'/>
    <point x='-129.30322' y='-248.24988'/>
  </room>
  <room id='room-a3a0aa4b-b1b3-4376-8329-17f8f7f3693b' level='level-72079680-07e0-4c05-82d4-c3d5327749ea' ceilingVisible='false' ceilingFlat='true'>
    <point x='-129.30322' y='-197.99799'/>
    <point x='-29.303078' y='-197.99799'/>
    <point x='-29.303078' y='-157.99799'/>
    <point x='-129.30322' y='-157.99799'/>
    <point x='-129.30322' y='-197.99799'/>
  </room>
  <room id='room-a4a7886d-f955-44d5-a285-412eda836dab' level='level-72079680-07e0-4c05-82d4-c3d5327749ea' ceilingVisible='false' ceilingFlat='true'>
    <point x='-129.21436' y='-147.18323'/>
    <point x='-29.21421' y='-147.18323'/>
    <point x='-29.21421' y='-107.18323'/>
    <point x='-129.21436' y='-107.18323'/>
    <point x='-129.21436' y='-147.18323'/>
  </room>
  <room id='room-fde528c4-9a4c-4e81-90a4-60d7b518cfc2' level='level-72079680-07e0-4c05-82d4-c3d5327749ea' ceilingVisible='false' ceilingFlat='true'>
    <point x='-129.12549' y='-94.73865'/>
    <point x='-29.12535' y='-94.73865'/>
    <point x='-29.12535' y='-54.738663'/>
    <point x='-129.12549' y='-54.738663'/>
    <point x='-129.12549' y='-94.73865'/>
  </room>
  <room id='room-1694fb5d-8da9-4f38-8446-246bd1ad822c' level='level-72079680-07e0-4c05-82d4-c3d5327749ea' ceilingVisible='false' ceilingFlat='true'>
    <point x='-129.03662' y='-43.9239'/>
    <point x='-29.036484' y='-43.9239'/>
    <point x='-29.036484' y='-3.9238968'/>
    <point x='-129.03662' y='-3.9238968'/>
    <point x='-129.03662' y='-43.9239'/>
  </room>
  <room id='room-6c0a35a1-eed9-4a1f-9bfb-f07f63335d9d' level='level-72079680-07e0-4c05-82d4-c3d5327749ea' ceilingVisible='false' ceilingFlat='true'>
    <point x='-129.03662' y='6.3279953'/>
    <point x='-29.036484' y='6.3279953'/>
    <point x='-29.036484' y='46.32799'/>
    <point x='-129.03662' y='46.32799'/>
    <point x='-129.03662' y='6.3279953'/>
  </room>
  <room id='room-d1630403-9888-4d78-aebe-26c3a03b8c99' level='level-72079680-07e0-4c05-82d4-c3d5327749ea' ceilingVisible='false' ceilingFlat='true'>
    <point x='-128.94775' y='57.14275'/>
    <point x='-28.947617' y='57.14275'/>
    <point x='-28.947617' y='97.14276'/>
    <point x='-128.94775' y='97.14276'/>
    <point x='-128.94775' y='57.14275'/>
  </room>
  <room id='room-f37047e9-adf2-4b5c-8732-abc994ffd93b' level='level-72079680-07e0-4c05-82d4-c3d5327749ea' ceilingVisible='false' ceilingFlat='true'>
    <point x='-128.5625' y='106.357666'/>
    <point x='-28.562363' y='106.357666'/>
    <point x='-28.562363' y='146.35767'/>
    <point x='-128.5625' y='146.35767'/>
    <point x='-128.5625' y='106.357666'/>
  </room>
  <room id='room-3450ab9e-02d2-48d7-9174-885e695e36f6' level='level-72079680-07e0-4c05-82d4-c3d5327749ea' ceilingVisible='false' ceilingFlat='true'>
    <point x='-128.47363' y='157.17242'/>
    <point x='-28.473495' y='157.17242'/>
    <point x='-28.473495' y='197.17242'/>
    <point x='-128.47363' y='197.17242'/>
    <point x='-128.47363' y='157.17242'/>
  </room>
  <room id='room-7635c95a-4aa8-4400-aead-553862afb04f' level='level-72079680-07e0-4c05-82d4-c3d5327749ea' ceilingVisible='false' ceilingFlat='true'>
    <point x='-128.47363' y='207.42432'/>
    <point x='-28.473495' y='207.42432'/>
    <point x='-28.473495' y='247.42432'/>
    <point x='-128.47363' y='247.42432'/>
    <point x='-128.47363' y='207.42432'/>
  </room>
  <room id='room-8a422965-269a-44d5-bba6-fea4da7b2e06' level='level-72079680-07e0-4c05-82d4-c3d5327749ea' ceilingVisible='false' ceilingFlat='true'>
    <point x='-128.38477' y='256.90573'/>
    <point x='-28.384628' y='256.90573'/>
    <point x='-28.384628' y='296.90573'/>
    <point x='-128.38477' y='296.90573'/>
    <point x='-128.38477' y='256.90573'/>
  </room>
  <room id='room-7f25eb23-957f-455b-8f66-a33738908ce2' level='level-72079680-07e0-4c05-82d4-c3d5327749ea' ceilingVisible='false' ceilingFlat='true'>
    <point x='-128.14764' y='309.20193'/>
    <point x='-28.1475' y='309.20193'/>
    <point x='-28.1475' y='349.20193'/>
    <point x='-128.14764' y='349.20193'/>
    <point x='-128.14764' y='309.20193'/>
  </room>
  <room id='room-42552922-11fd-42f6-9ba5-06ac9f8dc489' level='level-72079680-07e0-4c05-82d4-c3d5327749ea' ceilingVisible='false' ceilingFlat='true'>
    <point x='-128.05878' y='360.0167'/>
    <point x='-28.058632' y='360.0167'/>
    <point x='-28.058632' y='400.0167'/>
    <point x='-128.05878' y='400.0167'/>
    <point x='-128.05878' y='360.0167'/>
  </room>
  <room id='room-de872c9c-2fdc-4866-ade9-3149303df256' level='level-72079680-07e0-4c05-82d4-c3d5327749ea' ceilingVisible='false' ceilingFlat='true'>
    <point x='-128.05878' y='410.2686'/>
    <point x='-28.058632' y='410.2686'/>
    <point x='-28.058632' y='450.2686'/>
    <point x='-128.05878' y='450.2686'/>
    <point x='-128.05878' y='410.2686'/>
  </room>
  <room id='room-de590792-6a1f-46b9-ac1d-b7b92ca1472e' level='level-72079680-07e0-4c05-82d4-c3d5327749ea' ceilingVisible='false' ceilingFlat='true'>
    <point x='-127.96991' y='461.08334'/>
    <point x='-27.969765' y='461.08334'/>
    <point x='-27.969765' y='501.08334'/>
    <point x='-127.96991' y='501.08334'/>
    <point x='-127.96991' y='461.08334'/>
  </room>
  <room id='room-97253e56-19b0-4918-ab54-f4f8863eb069' level='level-72079680-07e0-4c05-82d4-c3d5327749ea' ceilingVisible='false' ceilingFlat='true'>
    <point x='-127.584656' y='510.29822'/>
    <point x='-27.58451' y='510.29822'/>
    <point x='-27.58451' y='550.2983'/>
    <point x='-127.584656' y='550.2983'/>
    <point x='-127.584656' y='510.29822'/>
  </room>
  <room id='room-18901dc3-3cd1-428b-a5ef-a7f81a566eee' level='level-72079680-07e0-4c05-82d4-c3d5327749ea' ceilingVisible='false' ceilingFlat='true'>
    <point x='-127.49579' y='561.11304'/>
    <point x='-27.495644' y='561.11304'/>
    <point x='-27.495644' y='601.11304'/>
    <point x='-127.49579' y='601.11304'/>
    <point x='-127.49579' y='561.11304'/>
  </room>
  <room id='room-b14cc1ec-cf8b-4baa-8688-b579feb47bc7' level='level-72079680-07e0-4c05-82d4-c3d5327749ea' ceilingVisible='false' ceilingFlat='true'>
    <point x='-127.49579' y='611.3649'/>
    <point x='-27.495644' y='611.3649'/>
    <point x='-27.495644' y='651.3649'/>
    <point x='-127.49579' y='651.3649'/>
    <point x='-127.49579' y='611.3649'/>
  </room>
  <room id='room-c120466f-3e2f-45c8-b04b-5ac20c96dc20' level='level-72079680-07e0-4c05-82d4-c3d5327749ea' ceilingVisible='false' ceilingFlat='true'>
    <point x='-126.57733' y='1061.6011'/>
    <point x='-26.577194' y='1061.6011'/>
    <point x='-26.577194' y='1101.6011'/>
    <point x='-126.57733' y='1101.6011'/>
    <point x='-126.57733' y='1061.6011'/>
  </room>
  <room id='room-f855afae-2170-4900-be2a-dcf103de43d6' level='level-72079680-07e0-4c05-82d4-c3d5327749ea' ceilingVisible='false' ceilingFlat='true'>
    <point x='-126.26134' y='1112.407'/>
    <point x='-26.2612' y='1112.407'/>
    <point x='-26.2612' y='1152.4069'/>
    <point x='-126.26134' y='1152.4069'/>
    <point x='-126.26134' y='1112.407'/>
  </room>
  <room id='room-0506e2e2-50e4-497d-ae7f-4b5719ca6c38' level='level-72079680-07e0-4c05-82d4-c3d5327749ea' ceilingVisible='false' ceilingFlat='true'>
    <point x='-126.26134' y='1162.6587'/>
    <point x='-26.2612' y='1162.6587'/>
    <point x='-26.2612' y='1202.658'/>
    <point x='-126.26134' y='1202.658'/>
    <point x='-126.26134' y='1162.6587'/>
  </room>
  <room id='room-ac82c800-3f5b-44d6-b047-21491714929c' level='level-72079680-07e0-4c05-82d4-c3d5327749ea' ceilingVisible='false' ceilingFlat='true'>
    <point x='-126.17247' y='1213.4727'/>
    <point x='-26.172333' y='1213.4727'/>
    <point x='-26.172335' y='1238.1097'/>
    <point x='-126.17247' y='1238.1097'/>
    <point x='-126.17247' y='1213.4727'/>
  </room>
  <room id='room-293f6385-8aea-438e-bec4-93874a41e492' level='level-72079680-07e0-4c05-82d4-c3d5327749ea' areaVisible='true' floorColor='FF505050' ceilingVisible='false' ceilingFlat='true'>
    <point x='-0.45169067' y='724.1214'/>
    <point x='-127.49579' y='724.1214'/>
    <point x='-127.495804' y='1038.304'/>
    <point x='0.07506323' y='1038.304'/>
    <point x='-0.45169067' y='724.1214'/>
  </room>
  <room id='room-0d661a8e-82e5-4bd5-acb1-d93adbc5dbfe' level='level-72079680-07e0-4c05-82d4-c3d5327749ea' ceilingVisible='false' ceilingFlat='true'>
    <point x='-127.58475' y='663.36505'/>
    <point x='-27.584606' y='663.36505'/>
    <point x='-27.584606' y='703.36505'/>
    <point x='-127.58475' y='703.36505'/>
    <point x='-127.58475' y='663.36505'/>
  </room>
  <room id='room-981ba79d-d013-4956-94a0-428d7dac8dac' level='level-72079680-07e0-4c05-82d4-c3d5327749ea' areaVisible='true' floorColor='FF686868' ceilingVisible='false' ceilingFlat='true'>
    <point x='-0.45169067' y='754.8235'/>
    <point x='-70.45169' y='754.8235'/>
    <point x='-70.4517' y='1004.1214'/>
    <point x='0.07507324' y='1004.1214'/>
    <point x='0.07507324' y='758.66144'/>
  </room>
  <room id='room-eb708e2a-5346-4054-9247-fb6c10e4897b' level='level-72079680-07e0-4c05-82d4-c3d5327749ea' areaVisible='true' floorColor='FF979797' ceilingVisible='false' ceilingFlat='true'>
    <point x='-0.45168543' y='784.05743'/>
    <point x='476.98596' y='784.4029'/>
    <point x='476.98596' y='976.79156'/>
    <point x='0.07506323' y='976.4525'/>
    <point x='-0.45168543' y='784.05743'/>
  </room>
  <room id='room-c5281745-95d6-4c87-8293-37c439935d9e' level='level-72079680-07e0-4c05-82d4-c3d5327749ea' areaVisible='true' floorColor='FF5B3F00' ceilingVisible='false' ceilingFlat='true'>
    <point x='488.08594' y='772.75476'/>
    <point x='616.08014' y='773.28894'/>
    <point x='616.117' y='713.6687'/>
    <point x='727.617' y='713.6687'/>
    <point x='727.61694' y='-15.031888'/>
    <point x='488.0859' y='-15.031909'/>
    <point x='488.08594' y='784.3889'/>
  </room>
</home>